movie_id,actor_id
tt0285252,nm0960950
tt0285252,nm0000686
tt0285252,nm0001822
tt0451279,nm2933757
tt0451279,nm1517976
tt6679794,nm1517976
tt0451279,nm0000705
tt2103267,nm0000705
tt0451279,nm0205063
tt0455944,nm0000243
tt0455944,nm0190744
tt1901024,nm0190744
tt0455944,nm1631269
tt0455944,nm1092086
tt0469021,nm0176869
tt0469021,nm0000538
tt2189978,nm0000538
tt0469021,nm2764713
tt0469021,nm1717331
tt0485061,nm3284401
tt0485061,nm4110963
tt0485061,nm2269396
tt0490215,nm1940449
tt0948470,nm1940449
tt1872181,nm1940449
tt0490215,nm3485845
tt2527338,nm3485845
tt8236336,nm3485845
tt0490215,nm0000553
tt5719748,nm0000553
tt0490215,nm0038355
tt0787474,nm0001426
tt5208252,nm0001426
tt0787474,nm0296545
tt0787474,nm1547964
tt0790636,nm0000190
tt0816692,nm0000190
tt4302938,nm0000190
tt6476140,nm0000190
tt0790636,nm0004950
tt0790636,nm0001467
tt1386697,nm0001467
tt0790636,nm0001872
tt0800325,nm3150488
tt1645131,nm3150488
tt0800325,nm3701064
tt0800325,nm0446622
tt0816692,nm0004266
tt1436562,nm0004266
tt6476140,nm0004266
tt0816692,nm1567113
tt0816692,nm3237775
tt0837563,nm0164809
tt5270948,nm0164809
tt6476140,nm0164809
tt0837563,nm1541272
tt5176580,nm1541272
tt5978724,nm1541272
tt0837563,nm0001475
tt5657846,nm0001475
tt6107548,nm0001475
tt8769848,nm0001475
tt0837563,nm5503448
tt0844993,nm0659363
tt0844993,nm0000335
tt1536537,nm0000335
tt0844993,nm0911320
tt0844993,nm0000349
tt0878814,nm3641002
tt0878814,nm0000792
tt1356392,nm0000792
tt3132422,nm0000792
tt0878814,nm1912766
tt0947810,nm0000354
tt1950186,nm0000354
tt0947810,nm0005042
tt0947810,nm0001427
tt1512240,nm0001427
tt0947810,nm0620981
tt0948470,nm1297015
tt1872181,nm1297015
tt0948470,nm0406975
tt5431890,nm0406975
tt0948470,nm0451234
tt10017680,nm0465503
tt10017680,nm0155588
tt10017680,nm1332451
tt10017680,nm0482628
tt10055770,nm0900266
tt10080270,nm2126101
tt10080270,nm1832808
tt10192308,nm0849919
tt10192308,nm3988282
tt10192308,nm0863931
tt10207850,nm2660424
tt10207850,nm0000684
tt10207850,nm5715613
tt1024855,nm0265492
tt1024855,nm0181920
tt1929276,nm0181920
tt3157640,nm0181920
tt1024855,nm1570873
tt1024855,nm0602941
tt10255374,nm0267511
tt1041804,nm2064726
tt1041804,nm1863764
tt1041804,nm3155876
tt1047449,nm0000530
tt10516086,nm9438227
tt10516086,nm5952124
tt10516086,nm5567710
tt1067773,nm1504650
tt1067773,nm0628120
tt10680412,nm0421327
tt10715194,nm5439431
tt10783168,nm1322469
tt10887504,nm0128657
tt10887504,nm1769806
tt10887504,nm0002129
tt10887504,nm0298221
tt10925770,nm0149226
tt10925770,nm6262665
tt10925770,nm1564197
tt10925770,nm1614353
tt1094666,nm2341751
tt1094666,nm0000855
tt1094666,nm0998074
tt1094666,nm2275302
tt1104001,nm0000313
tt3829920,nm0000313
tt1104001,nm1330560
tt1488606,nm1330560
tt1104001,nm1312575
tt1104001,nm0000310
tt1121986,nm0000609
tt1988781,nm0000609
tt4912910,nm0000609
tt1121986,nm0000744
tt1121986,nm0721205
tt1137470,nm0004754
tt1137470,nm2661138
tt1137470,nm0000350
tt11727004,nm0642601
tt3468298,nm0642601
tt1179069,nm0000194
tt7985692,nm0000194
tt1179069,nm0001667
tt1179069,nm0218810
tt1179069,nm0175814
tt1201607,nm0705356
tt1201607,nm0914612
tt1201607,nm0342488
tt1201607,nm0002091
tt1208711,nm0698413
tt1208711,nm0001156
tt1208711,nm1555340
tt1208711,nm0005286
tt1222816,nm0000658
tt3077214,nm0000658
tt1245526,nm0000246
tt4743226,nm0000246
tt6823368,nm0000246
tt1245526,nm0000545
tt1245526,nm0000151
tt2933544,nm0000151
tt1245526,nm0000571
tt1258221,nm0154164
tt1258221,nm2270922
tt12588262,nm1432806
tt12588262,nm0120520
tt1259521,nm1393354
tt1259521,nm1165110
tt3501632,nm1165110
tt4154756,nm1165110
tt4154796,nm1165110
tt1259521,nm0404307
tt1259521,nm0469823
tt1270256,nm3090643
tt1270798,nm0564215
tt2296777,nm0564215
tt4972582,nm0564215
tt6823368,nm0564215
tt1270798,nm1055413
tt1270798,nm2225369
tt1270798,nm0000102
tt1288367,nm0582420
tt1288367,nm0000397
tt1289401,nm0565250
tt1289401,nm1325419
tt1698648,nm1325419
tt1289401,nm0571952
tt1289401,nm0428656
tt1300854,nm0000375
tt4154756,nm0000375
tt4154796,nm0000375
tt1300854,nm0001602
tt1300854,nm0000569
tt1300854,nm0000332
tt1308754,nm0751638
tt1316050,nm1301358
tt1335992,nm1880470
tt1335992,nm0000874
tt1883236,nm0000874
tt1335992,nm0114368
tt1337047,nm0000234
tt2139881,nm0000234
tt4302938,nm0000234
tt1356392,nm2860645
tt1375666,nm0000138
tt1375666,nm0330687
tt1375666,nm0680983
tt5978724,nm0680983
tt1375666,nm0913822
tt8887846,nm0913822
tt1385543,nm3312554
tt1385543,nm0571327
tt1385543,nm0911933
tt1386697,nm0000226
tt6139732,nm0000226
tt1386697,nm3053338
tt1386697,nm0205626
tt2404465,nm0205626
tt1391087,nm0735538
tt1391087,nm1371634
tt1391087,nm0001474
tt1396484,nm0803889
tt1396484,nm5897057
tt7347846,nm5897057
tt1396484,nm6016511
tt1396484,nm6096118
tt8323104,nm6096118
tt1399103,nm0479471
tt8151874,nm0479471
tt1399103,nm2492819
tt1399103,nm0879085
tt1399103,nm0241049
tt2088950,nm0241049
tt1402488,nm0000704
tt1402488,nm0000245
tt1402488,nm0600877
tt1402488,nm0016141
tt1412386,nm0001132
tt1412386,nm0631490
tt1412386,nm0001749
tt1412386,nm0929489
tt1422800,nm1577637
tt1422800,nm0797464
tt1422800,nm0115152
tt1422800,nm0004911
tt1431045,nm0005351
tt5463162,nm0005351
tt1431045,nm1072555
tt5463162,nm1072555
tt1431045,nm2554352
tt1431045,nm4534098
tt1433810,nm3070408
tt1433810,nm3967480
tt1433810,nm0451148
tt1436562,nm0251986
tt7339248,nm0251986
tt1436562,nm0520064
tt1440379,nm0000124
tt3829920,nm0000124
tt1440379,nm0000438
tt2980706,nm0000438
tt1440379,nm0001496
tt1457767,nm0933940
tt1457767,nm0267812
tt1483324,nm0267812
tt5968394,nm0267812
tt1457767,nm0515296
tt1457767,nm0000666
tt1478839,nm0000126
tt1860242,nm0000126
tt1478839,nm0893257
tt1480662,nm0480869
tt1482459,nm1374980
tt2481498,nm1374980
tt1482459,nm2357847
tt1482459,nm0000362
tt3861390,nm0000362
tt1482459,nm1159180
tt5270948,nm1159180
tt8080302,nm1159180
tt8366502,nm1159180
tt1483324,nm0000412
tt1483324,nm3920288
tt1483324,nm4901642
tt1488606,nm0000255
tt1488606,nm1209966
tt2527338,nm1209966
tt5208252,nm1209966
tt1488606,nm0402271
tt1772271,nm0402271
tt5093026,nm0402271
tt1489887,nm3239803
tt7313348,nm3239803
tt1489887,nm2788156
tt1489887,nm1790970
tt8366502,nm1790970
tt1489887,nm0837177
tt1985949,nm0837177
tt1512240,nm0001082
tt7985692,nm0001082
tt1512240,nm0000273
tt1512240,nm0000670
tt1517451,nm3078932
tt1517451,nm0177896
tt1517451,nm0000385
tt8096832,nm0000385
tt1517451,nm0342399
tt1532538,nm1050671
tt1532538,nm1391090
tt1532538,nm1792248
tt1532538,nm0745194
tt1536053,nm0001290
tt1536053,nm0109208
tt1536053,nm0535502
tt2201221,nm0535502
tt1536053,nm1099188
tt8255490,nm1099188
tt1536537,nm0636426
tt5316540,nm0636426
tt1536537,nm0000353
tt2350892,nm0000353
tt1536537,nm3092471
tt6139732,nm3092471
tt1541123,nm1146051
tt1541123,nm0000448
tt1541123,nm1580911
tt1541123,nm0534944
tt1542484,nm0001152
tt3082920,nm0001152
tt1542484,nm0437646
tt1542484,nm0663546
tt7284202,nm0663546
tt1546036,nm0004805
tt1546036,nm0151919
tt1546036,nm0002056
tt1546036,nm0363641
tt1548599,nm0694292
tt1568346,nm0185819
tt1568346,nm1913734
tt1568346,nm0001626
tt1568346,nm0001745
tt5070062,nm0001745
tt1582268,nm0000205
tt1582268,nm0002062
tt1582268,nm0364280
tt1927172,nm0364280
tt1587685,nm0000564
tt1587685,nm0000722
tt1587685,nm0000925
tt1610452,nm3828984
tt1610452,nm3087728
tt1610452,nm2286188
tt1610525,nm0000630
tt1610525,nm0005253
tt6063090,nm0005253
tt6857112,nm0005253
tt1610525,nm0000579
tt1610525,nm0915208
tt2103267,nm0915208
tt7616148,nm0915208
tt1613873,nm1175468
tt8752474,nm1175468
tt1613873,nm1123840
tt1613873,nm1339304
tt1620680,nm4977564
tt1620680,nm0001856
tt1620680,nm0000702
tt1620680,nm1411676
tt6107548,nm1411676
tt1623288,nm2240346
tt1623288,nm0447695
tt4765284,nm0447695
tt1623288,nm2395586
tt1623288,nm3235380
tt1632703,nm1909728
tt1637706,nm0748620
tt2452386,nm0748620
tt1637706,nm0006969
tt1637706,nm0221046
tt1638277,nm0486760
tt1638277,nm0223518
tt1638277,nm0014133
tt1638277,nm0503215
tt1641401,nm0204706
tt1641401,nm0000141
tt1641401,nm0081572
tt1641401,nm0000459
tt1643239,nm3901368
tt1643239,nm1241910
tt1643239,nm0795661
tt1645131,nm2794962
tt4633694,nm2794962
tt1645131,nm0507073
tt1645131,nm0603090
tt1645155,nm0001173
tt1645155,nm1882929
tt1645155,nm1385871
tt3530978,nm1385871
tt1648062,nm1752714
tt1648062,nm1918575
tt1648062,nm0924204
tt1650043,nm2325393
tt1650043,nm1256602
tt1650043,nm2953573
tt1650043,nm0006713
tt1650060,nm0242882
tt1650060,nm1165044
tt1650060,nm0001598
tt2505294,nm0001598
tt1650062,nm1102577
tt1974419,nm1102577
tt4777008,nm1102577
tt1650062,nm1404488
tt1650062,nm0151419
tt1650062,nm1525807
tt1659276,nm3348637
tt1670916,nm1654820
tt1681370,nm1587775
tt1681370,nm0502015
tt1681370,nm2849965
tt1686821,nm3614913
tt1686821,nm4867258
tt1686821,nm1572716
tt1686821,nm0000321
tt1690542,nm0364977
tt1690542,nm0001720
tt1690542,nm1291974
tt2170369,nm1291974
tt1690542,nm0487405
tt1690967,nm0252230
tt7533152,nm0252230
tt1690967,nm3147751
tt1691153,nm0722636
tt1691153,nm0949424
tt1697064,nm4538500
tt1697064,nm1870434
tt1698648,nm0000906
tt8236336,nm0000906
tt1698648,nm0000369
tt2350892,nm0000369
tt1698648,nm2023050
tt1699755,nm0732497
tt1699755,nm0913488
tt1699755,nm0004979
tt1699755,nm0580924
tt1709652,nm1513684
tt1709652,nm2057312
tt1709652,nm0399321
tt1709652,nm0254602
tt1721494,nm0425543
tt1721494,nm0545687
tt1721494,nm0000374
tt1727824,nm1785339
tt1727824,nm2377903
tt1727824,nm3152605
tt1727824,nm5228887
tt1728981,nm3882288
tt1733260,nm0009673
tt1735233,nm1922788
tt1735233,nm2097751
tt1735233,nm1761677
tt1754478,nm0227710
tt1754478,nm1456426
tt1754478,nm1982266
tt1754478,nm0440514
tt1757746,nm1501388
tt1757746,nm1200748
tt1757746,nm0726223
tt1759660,nm2401889
tt1759660,nm2030915
tt1759660,nm1654778
tt1770675,nm2965656
tt1772271,nm1483369
tt1772271,nm0135221
tt1772271,nm0636562
tt1799557,nm0566187
tt8351452,nm0566187
tt1799557,nm0940173
tt1799557,nm3255459
tt7671064,nm3255459
tt8484012,nm3255459
tt1800240,nm2576494
tt1800240,nm3600447
tt1810833,nm0594497
tt1810833,nm0757007
tt1810833,nm0297956
tt1810833,nm0875244
tt1821426,nm0155693
tt1821426,nm0000546
tt1821426,nm0750037
tt1821426,nm1428821
tt1823231,nm2599038
tt1823231,nm0608405
tt1823231,nm0354085
tt1823231,nm0103208
tt1825683,nm1569276
tt1825683,nm0430107
tt1825683,nm2143282
tt6857112,nm2143282
tt1825683,nm1775091
tt1833116,nm1172478
tt1833116,nm0683253
tt1833116,nm0996669
tt1833116,nm3079991
tt1842356,nm0457062
tt1842356,nm2731660
tt1842356,nm1036127
tt1842356,nm1152688
tt1850418,nm0993507
tt1850418,nm0614877
tt2609758,nm0614877
tt1850418,nm1670029
tt1850418,nm3952890
tt1856101,nm0000148
tt1856101,nm0331516
tt1856101,nm1869101
tt4019560,nm1869101
tt1856101,nm1176985
tt3896198,nm1176985
tt1859476,nm0000131
tt1859476,nm0004272
tt1859476,nm0002159
tt1860242,nm0000437
tt5027774,nm0000437
tt1860242,nm0000870
tt1860242,nm0002253
tt1860357,nm0000242
tt5657846,nm0000242
tt1860357,nm0000621
tt1860357,nm0341174
tt1860357,nm0003069
tt1867093,nm0000168
tt4154664,nm0000168
tt6823368,nm0000168
tt1867093,nm0456186
tt1867093,nm1550948
tt2402085,nm1550948
tt3057572,nm1550948
tt1872181,nm0004937
tt1872181,nm0316079
tt1876277,nm0525518
tt1876277,nm1269088
tt4642192,nm1269088
tt1876277,nm2674236
tt1876277,nm0388732
tt1876409,nm0001166
tt1876409,nm2774589
tt1876409,nm3592030
tt1878917,nm4397556
tt1878917,nm0435218
tt1879066,nm2978540
tt1879066,nm0007061
tt1879066,nm0928087
tt1879066,nm3241009
tt1883236,nm1662562
tt1885325,nm1485940
tt8748236,nm1485940
tt1893256,nm0005458
tt1893256,nm0125588
tt1893256,nm0566049
tt1893256,nm0938950
tt1901024,nm0000120
tt1901024,nm0001250
tt1901024,nm0653669
tt1905041,nm0004874
tt3896198,nm0004874
tt1905041,nm0908094
tt1905041,nm0425005
tt6513120,nm0425005
tt1905041,nm0735442
tt1911658,nm0569891
tt1911658,nm1844237
tt1911658,nm0971017
tt1911658,nm0970447
tt1927172,nm0021132
tt1927172,nm1383586
tt1927172,nm0136922
tt1929276,nm0176660
tt1929276,nm0484202
tt1934172,nm0020309
tt1937340,nm0334561
tt1937340,nm0001879
tt1937340,nm4554428
tt1937340,nm2116006
tt1950186,nm0000288
tt2388771,nm0000288
tt1950186,nm1256532
tt1950186,nm1495520
tt1951181,nm0182839
tt1951181,nm0001618
tt1951181,nm0719637
tt1951181,nm0231436
tt1954320,nm1209545
tt1954320,nm0069131
tt1954320,nm0546797
tt1954330,nm0004867
tt1954579,nm0004729
tt1954579,nm0140792
tt1954579,nm0143378
tt1964618,nm0673563
tt1964618,nm0000407
tt1964630,nm2233310
tt1967651,nm2968655
tt1967651,nm0384514
tt1974419,nm0376716
tt2366608,nm0376716
tt1974419,nm0000206
tt4019560,nm0000206
tt1974419,nm3194762
tt5913798,nm3194762
tt1975249,nm0000241
tt1975249,nm0281167
tt1975249,nm0687491
tt1985949,nm1265802
tt1985949,nm1144419
tt1985949,nm0748973
tt1987547,nm2689327
tt1988781,nm0000174
tt1988781,nm0331577
tt9815714,nm0331577
tt1988781,nm1204778
tt1991180,nm2502151
tt2018136,nm0371684
tt2018136,nm0544691
tt2018136,nm0601210
tt2040578,nm2929749
tt2040578,nm0793532
tt2040578,nm0112492
tt2040578,nm1792652
tt2041331,nm1555427
tt2041331,nm0241983
tt2041331,nm1939487
tt2041331,nm2421211
tt2043814,nm3918151
tt2069955,nm0000232
tt2069955,nm0501114
tt2069955,nm0000708
tt2908090,nm0000708
tt2073661,nm2207222
tt2073661,nm0001854
tt2073661,nm2204429
tt2073661,nm2324137
tt2081194,nm0703939
tt2081194,nm0919616
tt2081194,nm0001223
tt2081194,nm0000144
tt2088950,nm0002064
tt2088950,nm0000463
tt2088950,nm2624186
tt2102496,nm0000276
tt2102496,nm0333982
tt2102496,nm0233079
tt2102496,nm2343444
tt2102497,nm0000616
tt2412746,nm0000616
tt3157640,nm0000616
tt4824256,nm0000616
tt2103267,nm1882152
tt2103267,nm3306943
tt2106476,nm0586568
tt4139588,nm0586568
tt2106476,nm0488917
tt2106476,nm5038871
tt2106476,nm5039026
tt2112096,nm0766837
tt2112096,nm0525921
tt2112096,nm0001363
tt2112096,nm0768018
tt2118707,nm0001520
tt4019560,nm0001520
tt2118707,nm0346595
tt2118707,nm4520905
tt2118707,nm0899487
tt2130182,nm0448640
tt2130182,nm0326161
tt2139881,nm0736622
tt2139881,nm2053085
tt2139881,nm6578009
tt2140507,nm1212722
tt2388771,nm1212722
tt2709692,nm1212722
tt2140507,nm2692160
tt2140507,nm3095562
tt2146590,nm2610960
tt2170369,nm0551346
tt2170369,nm0000580
tt2170369,nm0424453
tt2182211,nm4852825
tt2182211,nm3018796
tt2182211,nm0950531
tt2183034,nm5128387
tt2183034,nm3419119
tt2189978,nm0929609
tt2189978,nm0267659
tt2201221,nm0111013
tt2201221,nm0068338
tt2201221,nm1443740
tt2201532,nm0139936
tt2201532,nm0382920
tt2201532,nm0604742
tt2201532,nm0578853
tt4154664,nm0578853
tt2224383,nm2546610
tt2233762,nm2019600
tt2238174,nm0812963
tt2238420,nm0920185
tt2238420,nm2492359
tt2238420,nm1064292
tt2452386,nm1064292
tt2238420,nm2580571
tt2250234,nm1058095
tt2257816,nm0001434
tt2257816,nm0272706
tt2257816,nm1319098
tt2258285,nm0350079
tt6913168,nm0350079
tt2258285,nm0001845
tt2258285,nm0000950
tt2258285,nm0000172
tt2262275,nm0512386
tt2262952,nm0211565
tt2262952,nm1133014
tt2262952,nm1172198
tt2262952,nm1110629
tt2273648,nm3918354
tt2273648,nm0084114
tt2273648,nm0001744
tt2273648,nm0403937
tt2275629,nm0713389
tt2275629,nm1203005
tt2275629,nm0526985
tt2278870,nm0000680
tt2278870,nm0536883
tt2278870,nm0000105
tt2287677,nm1031344
tt2290739,nm0001722
tt2290739,nm1486317
tt2290739,nm2560043
tt2290739,nm1343254
tt2292196,nm0751880
tt2295318,nm1947581
tt2296777,nm0000136
tt2296777,nm1289434
tt2296777,nm0038432
tt2302416,nm0048075
tt2302416,nm1249116
tt2302416,nm4173131
tt2302416,nm2257218
tt2308583,nm0613098
tt2308583,nm3491627
tt2309722,nm0832078
tt2309722,nm0940974
tt2316817,nm0086992
tt2316817,nm1756674
tt2340946,nm0027548
tt2350892,nm0568180
tt2350892,nm0005442
tt2353965,nm4689076
tt2353965,nm2577421
tt2357866,nm0791898
tt2357866,nm0828288
tt2357866,nm2290733
tt2366608,nm0207691
tt2366608,nm1741002
tt5431890,nm1741002
tt2366608,nm1519680
tt2367954,nm2937406
tt2368619,nm0252961
tt2368619,nm0534635
tt2368619,nm3114649
tt2368619,nm0717709
tt2369041,nm0012078
tt2369041,nm0000185
tt2369041,nm0399062
tt2370228,nm1466205
tt2370228,nm2732435
tt2380039,nm1892960
tt2386490,nm0059431
tt2386490,nm1065229
tt2386490,nm0000719
tt2386490,nm0000949
tt2388771,nm0000949
tt3501632,nm0000949
tt2387408,nm0004906
tt2387408,nm0617009
tt2387408,nm2062561
tt2387408,nm1101968
tt2388771,nm0365140
tt2392672,nm0149260
tt2392672,nm0483200
tt2392672,nm0001965
tt2392672,nm2472838
tt2393817,nm0286044
tt2393817,nm0426435
tt2393817,nm1376997
tt2400098,nm0399239
tt2402085,nm0071275
tt2402085,nm2017943
tt4575576,nm2017943
tt2402085,nm1782299
tt7339248,nm1782299
tt2404465,nm5085683
tt2404465,nm0300712
tt5037840,nm0300712
tt7313348,nm0300712
tt9358160,nm0300712
tt2404465,nm0005049
tt2412746,nm0924684
tt2412746,nm0098372
tt2412746,nm1689139
tt2413338,nm0605080
tt2413338,nm3158751
tt2413338,nm2618310
tt2413338,nm1653451
tt2443822,nm0001556
tt2443822,nm0933988
tt2443822,nm0756083
tt2452244,nm2313103
tt4765284,nm2313103
tt2452244,nm2955013
tt2452244,nm2796745
tt2452244,nm1231899
tt2452386,nm1411125
tt2469760,nm2466188
tt2481498,nm2934314
tt6494344,nm2934314
tt2481498,nm1494168
tt2505294,nm1429380
tt2505294,nm0353243
tt2505294,nm2952467
tt2505818,nm0005162
tt2505818,nm0005072
tt2505818,nm1559927
tt2505818,nm2598323
tt2510700,nm2792064
tt2525156,nm0000387
tt2527336,nm5397459
tt2527338,nm5397459
tt2527336,nm3915784
tt2527338,nm3915784
tt2527336,nm0000434
tt2527336,nm0000402
tt2544472,nm1378502
tt2544472,nm1555781
tt2548396,nm1813221
tt2548396,nm0654648
tt2548396,nm0117709
tt2548396,nm0651159
tt2552394,nm0001015
tt2552394,nm0000668
tt6107548,nm0000668
tt2552394,nm0935653
tt2552394,nm0183822
tt2554714,nm0385032
tt2554714,nm0606637
tt2609758,nm1347153
tt7054636,nm1347153
tt2609758,nm1754366
tt2609758,nm1249256
tt2634414,nm0105471
tt2652118,nm0947447
tt3748528,nm0947447
tt2652118,nm0000706
tt2652118,nm1484270
tt2652118,nm6812060
tt2690226,nm0001527
tt2690226,nm4726634
tt4972582,nm4726634
tt6472976,nm4726634
tt2690226,nm2764022
tt2690226,nm0384751
tt2698966,nm0001151
tt5070062,nm0001151
tt2698966,nm0000657
tt2698966,nm0486728
tt2698966,nm0054214
tt2709692,nm0429069
tt9352926,nm0429069
tt2709692,nm1214289
tt2713778,nm0000888
tt2713778,nm0893092
tt2723176,nm4853066
tt2784678,nm0001674
tt2784678,nm0206257
tt4116284,nm0206257
tt2784678,nm0005517
tt2784678,nm0366389
tt2822672,nm0005561
tt2822672,nm0412850
tt2822672,nm0799777
tt2822672,nm0085400
tt2833580,nm0000299
tt2833580,nm0000119
tt2833580,nm2065398
tt2837574,nm0000602
tt2837574,nm0000729
tt6063090,nm0000729
tt9608818,nm0000729
tt2837574,nm0000651
tt2837574,nm0000418
tt2872750,nm1017994
tt2872750,nm0816950
tt2872750,nm0229084
tt2908090,nm0908914
tt2908090,nm0059215
tt2908090,nm0741378
tt2926810,nm2009674
tt2926810,nm0638762
tt2933544,nm0000473
tt2933544,nm0633223
tt2933544,nm0696387
tt2935516,nm1196219
tt2935516,nm0209629
tt2949196,nm4818601
tt2949196,nm1686536
tt2949196,nm0664005
tt2980706,nm0176981
tt2980706,nm0100866
tt2980706,nm0035664
tt3036600,nm0065493
tt3036600,nm0617622
tt3057572,nm0021835
tt3057572,nm0254712
tt3057572,nm0167850
tt3068192,nm2145177
tt3068192,nm0005417
tt3068192,nm0197638
tt3068192,nm3625065
tt3077214,nm1659547
tt3077214,nm0240359
tt3077214,nm0000307
tt3082920,nm1169428
tt3082920,nm2100657
tt3120280,nm7684864
tt3120280,nm8109082
tt3120280,nm5518972
tt3120280,nm3170207
tt3132422,nm3179972
tt3148502,nm2138653
tt3148502,nm1633541
tt3148502,nm11281002
tt3148502,nm0592795
tt3149038,nm2633535
tt3149038,nm1245863
tt3149038,nm1020089
tt5580390,nm1020089
tt3149038,nm0550371
tt5932728,nm0550371
tt3157640,nm1647994
tt3183660,nm1519666
tt4701724,nm1519666
tt3183660,nm2239702
tt3183660,nm0837223
tt3183660,nm0283945
tt3198454,nm0491796
tt3228450,nm0999011
tt3256226,nm4960279
tt6316466,nm4960279
tt6566768,nm4960279
tt3256226,nm1107001
tt3256226,nm0396812
tt3256226,nm2092835
tt3263718,nm2337862
tt3263718,nm1488483
tt3263718,nm6018699
tt3264494,nm0948588
tt3264494,nm0431701
tt3264494,nm5311765
tt3297382,nm0342029
tt3297382,nm0000378
tt3297382,nm1455681
tt3297382,nm1872698
tt3401392,nm3073218
tt3401392,nm6457855
tt3401392,nm0510948
tt3401392,nm5073480
tt3405236,nm0451321
tt3405236,nm1293381
tt3405236,nm4188433
tt3405236,nm1596350
tt3416532,nm6484968
tt3416532,nm0000244
tt3416532,nm0428065
tt3748528,nm0428065
tt3416532,nm1527905
tt6494344,nm1527905
tt3422314,nm0316284
tt3422314,nm0293550
tt3433632,nm0675521
tt3433632,nm0000882
tt3433632,nm0332709
tt3433632,nm0904273
tt3435612,nm0456360
tt3448124,nm0004193
tt3448124,nm5688481
tt3448124,nm0883195
tt3463250,nm0944400
tt6143998,nm0944400
tt3463250,nm0655945
tt3463250,nm0084509
tt3468298,nm0523180
tt4341532,nm0523180
tt3468298,nm1512156
tt3468298,nm0000347
tt3469284,nm2567761
tt3474788,nm0278125
tt3474788,nm1711652
tt3477762,nm0885840
tt3477762,nm0340284
tt3477762,nm0396369
tt3501632,nm1089991
tt4701724,nm1089991
tt3501632,nm0749263
tt4154756,nm0749263
tt4154796,nm0749263
tt3526286,nm4239131
tt3526470,nm2353331
tt3526470,nm4374524
tt3526470,nm0001439
tt3526470,nm0584020
tt3530978,nm0000460
tt3549566,nm0067083
tt3549566,nm0579331
tt3569356,nm3507289
tt3569356,nm0473873
tt3570012,nm4898816
tt3570012,nm1846124
tt3570012,nm1569162
tt3633118,nm0028037
tt3682448,nm0000158
tt3682448,nm0753314
tt5013056,nm0753314
tt3682448,nm0000257
tt3682448,nm0752407
tt3689590,nm4528025
tt7141148,nm4528025
tt3689590,nm1473267
tt3689590,nm3887625
tt3689590,nm4205710
tt3692082,nm2327431
tt3699702,nm2197298
tt3699702,nm2322853
tt3699702,nm2642892
tt3699702,nm4436761
tt3713166,nm2054764
tt3713166,nm1237541
tt3713166,nm2645189
tt3717252,nm0000295
tt3717252,nm3772243
tt3717252,nm0580014
tt3717252,nm3091498
tt3748528,nm0526019
tt3748528,nm0876138
tt3824648,nm3838034
tt3829920,nm0000982
tt5052474,nm0000982
tt5463162,nm0000982
tt3829920,nm1886602
tt3861390,nm0268199
tt3861390,nm0000474
tt3861390,nm1200692
tt3882082,nm1659348
tt3882082,nm1140344
tt4475992,nm1140344
tt3882082,nm0636235
tt3891218,nm0742165
tt3896198,nm0695435
tt4975920,nm0695435
tt3896198,nm0757855
tt3962252,nm2186682
tt3962252,nm4930837
tt3962252,nm0435115
tt3978152,nm0004769
tt3978152,nm0000799
tt3978152,nm0002663
tt3978720,nm2875233
tt3978720,nm2208272
tt3978720,nm3432881
tt3978720,nm2516690
tt4019560,nm0000227
tt4060244,nm1724709
tt4085084,nm0774386
tt4085084,nm1208167
tt5460522,nm1208167
tt4085084,nm5524273
tt4115932,nm0955505
tt4115932,nm2119781
tt4115932,nm1291827
tt4116284,nm0004715
tt4116284,nm0148418
tt4116284,nm0000146
tt4302938,nm0000146
tt8672516,nm0000146
tt4139588,nm1227814
tt4139588,nm0935395
tt4154664,nm0488953
tt4154664,nm0000179
tt4154756,nm0262635
tt4154796,nm0262635
tt4169146,nm6244217
tt4192896,nm0428765
tt4196576,nm0442207
tt4196576,nm0387987
tt4209174,nm0000599
tt4209174,nm4119547
tt4209174,nm0365650
tt4258292,nm0015001
tt4258292,nm4521975
tt4258292,nm1375534
tt4258292,nm2011932
tt4263482,nm5896355
tt4972582,nm5896355
tt6823368,nm5896355
tt4263482,nm0408591
tt4263482,nm0225483
tt4263482,nm0724995
tt4285988,nm4605117
tt4285988,nm4141375
tt4285988,nm1001360
tt4285988,nm7013850
tt4302938,nm3280686
tt4341532,nm0992184
tt4341532,nm1684869
tt4341532,nm1240448
tt4353250,nm3718007
tt5968394,nm3718007
tt4353250,nm1726032
tt4353250,nm0036651
tt4426738,nm0334441
tt4426738,nm0790057
tt4460792,nm4008605
tt4460792,nm4422686
tt5013056,nm4422686
tt4475992,nm0806968
tt4500922,nm3729721
tt4500922,nm3859624
tt4500922,nm2546012
tt4500922,nm1032473
tt4504044,nm2279940
tt4504044,nm7669135
tt4504044,nm1312105
tt4504044,nm0272173
tt4521338,nm0722279
tt4521338,nm0680766
tt4521338,nm0249528
tt4521338,nm0166470
tt4572700,nm3764137
tt4575576,nm0000191
tt4575576,nm0309693
tt4587656,nm3081796
tt4587656,nm1221047
tt4587656,nm5262775
tt4587656,nm1752221
tt4633694,nm4271336
tt4633694,nm2159926
tt4633694,nm0991810
tt4642192,nm4087606
tt4642192,nm0378132
tt4642192,nm0577982
tt4677244,nm0002332
tt4677244,nm3297698
tt4677244,nm5327470
tt4677244,nm0700875
tt4701724,nm3586035
tt4701724,nm0001758
tt4706780,nm0955664
tt4706780,nm3183198
tt4706780,nm6350278
tt4717402,nm4765550
tt4717402,nm0040545
tt4743226,nm1091782
tt4743226,nm1046846
tt4743226,nm3263781
tt4765284,nm0811242
tt4765284,nm2319871
tt4777008,nm0001401
tt4777008,nm6170168
tt4777008,nm0000201
tt4807408,nm0378245
tt7634968,nm0378245
tt4807408,nm0005377
tt5027774,nm0005377
tt4807408,nm0000162
tt4824256,nm0378200
tt4824256,nm1146857
tt4912910,nm0000129
tt4912910,nm0147147
tt4912910,nm0670408
tt4913966,nm0004802
tt4913966,nm0190441
tt4913966,nm0892383
tt6854966,nm0892383
tt4938374,nm0222175
tt4972582,nm4088627
tt4975920,nm5772354
tt4975920,nm2851530
tt4992060,nm3006818
tt4992060,nm3068922
tt4992060,nm0147767
tt5000698,nm1763049
tt5000698,nm0005269
tt5013056,nm7887725
tt5013056,nm0362766
tt5013984,nm5123156
tt7616148,nm5123156
tt5013984,nm3632976
tt5013984,nm4055138
tt5013984,nm0179173
tt5017008,nm2990632
tt5017008,nm5427655
tt5017008,nm0222933
tt5027774,nm0000531
tt5027774,nm2655177
tt5037840,nm0000285
tt6469960,nm0000285
tt5037840,nm0000161
tt5037840,nm0542133
tt5052448,nm2257207
tt5052448,nm4129745
tt5052448,nm0925966
tt5052448,nm0001416
tt5052474,nm0001125
tt5052474,nm5097044
tt5052474,nm0232998
tt5061570,nm1996815
tt5061570,nm0147814
tt5070062,nm2564938
tt5070062,nm5327318
tt5078354,nm0133899
tt7250056,nm0133899
tt5078354,nm0302916
tt5078354,nm1745743
tt5078354,nm1918862
tt5093026,nm0265457
tt5117428,nm2976580
tt5171500,nm0605028
tt5171500,nm1409024
tt5176580,nm0788340
tt5176580,nm1443368
tt5208252,nm0491259
tt5208252,nm2443797
tt5215088,nm0147003
tt5215088,nm2851882
tt5215088,nm1544039
tt5270948,nm0544718
tt5978724,nm0544718
tt5270948,nm0001136
tt5300754,nm6489665
tt5316540,nm4563869
tt5390246,nm1248373
tt5390246,nm2828435
tt5390246,nm3556158
tt5431890,nm0461136
tt5431890,nm0328828
tt5453522,nm0973177
tt5453522,nm0005439
tt5453522,nm0005203
tt5453522,nm0771493
tt5577494,nm0771493
tt5459382,nm0004051
tt5459382,nm0270625
tt5459382,nm0000301
tt5459382,nm0000275
tt5460522,nm0829576
tt5460522,nm0000368
tt5719748,nm0000368
tt5460522,nm0836343
tt5463162,nm5421877
tt5494608,nm0657033
tt5524630,nm0000800
tt5524630,nm0541909
tt5524630,nm1216826
tt5524630,nm2045831
tt5544018,nm0284201
tt5544018,nm3808325
tt5544018,nm0834056
tt5554998,nm4030776
tt5577494,nm0005569
tt6155456,nm0005569
tt5577494,nm0388038
tt5577494,nm0682495
tt5580390,nm0818055
tt7616148,nm0818055
tt5580390,nm0788335
tt5580390,nm0427964
tt5645536,nm0218942
tt5645536,nm2063406
tt5645536,nm1151223
tt5645536,nm6812113
tt5657846,nm0002071
tt5657846,nm0000154
tt5932728,nm0000154
tt5664636,nm1018488
tt8816178,nm1018488
tt5664636,nm5589690
tt5664636,nm5582294
tt5664636,nm4144312
tt5719748,nm6183410
tt5813808,nm0401799
tt5813808,nm0001600
tt5813808,nm0167086
tt5813808,nm0273371
tt5814534,nm3014031
tt5841964,nm1082665
tt5841964,nm0278373
tt5841964,nm0466292
tt5841964,nm0395926
tt5848416,nm1682400
tt5848416,nm0003082
tt5855772,nm3769837
tt5855772,nm0412096
tt5855772,nm7257783
tt5855772,nm1345937
tt5882982,nm0297885
tt5882982,nm0411692
tt5882982,nm0620252
tt5886046,nm5347988
tt5886046,nm2383250
tt5886046,nm1337350
tt5886046,nm0479527
tt5913798,nm2309517
tt5913798,nm5939164
tt5932728,nm0000576
tt5932728,nm1754059
tt5936578,nm0412404
tt5968394,nm0000422
tt5968394,nm5480894
tt6566768,nm5480894
tt5969180,nm0779866
tt5969180,nm4270695
tt5969180,nm1036340
tt5978724,nm6339026
tt5996652,nm2136484
tt6020428,nm5481344
tt6020428,nm8402932
tt6063090,nm0101005
tt6067752,nm0482320
tt6067752,nm1059103
tt9558612,nm1059103
tt6067752,nm0913097
tt6067752,nm5732707
tt6069162,nm0000572
tt6069162,nm0048932
tt6069162,nm6262342
tt6069162,nm0000302
tt6101602,nm8473220
tt6101602,nm0662504
tt6101602,nm0432380
tt6107548,nm0199215
tt6133484,nm2821544
tt6139732,nm4565815
tt6139732,nm4305463
tt6143998,nm0196024
tt6149936,nm6868308
tt6155456,nm0176922
tt6155456,nm1167112
tt6155456,nm7153454
tt6156498,nm0246506
tt6156498,nm1747807
tt6294226,nm7232332
tt6294226,nm2147876
tt8041276,nm2147876
tt6294226,nm2032193
tt6294226,nm0664061
tt6316466,nm4186055
tt6316466,nm9658958
tt6330246,nm0167388
tt6330246,nm0255475
tt6330246,nm0075710
tt6398184,nm1304386
tt6398184,nm0630149
tt6398184,nm2904789
tt6421118,nm1130627
tt6421118,nm0253685
tt6421118,nm0828961
tt6421118,nm3038143
tt6424188,nm4892380
tt6428150,nm6015235
tt6428150,nm0005412
tt6428150,nm0080372
tt6469960,nm1092227
tt6469960,nm0001301
tt6469960,nm0131974
tt6472976,nm0819850
tt6472976,nm2030779
tt6476140,nm0000178
tt6494344,nm0574534
tt6494344,nm1080077
tt6513120,nm0372176
tt6513120,nm0000681
tt6513120,nm6073955
tt8772262,nm6073955
tt6514010,nm1464837
tt6514010,nm6277581
tt6514010,nm7630088
tt6514010,nm2435847
tt6518886,nm3295837
tt6518886,nm5387033
tt6566768,nm3538718
tt6566768,nm8460487
tt6667360,nm3867299
tt6679794,nm0226820
tt6679794,nm6247071
tt6705860,nm0005316
tt6705860,nm3821405
tt6705860,nm0663820
tt6705860,nm0551908
tt6741568,nm0222922
tt6741568,nm0167501
tt6741568,nm0006939
tt6741568,nm0293739
tt6781638,nm0208426
tt6811018,nm1740112
tt6857112,nm6328300
tt6857112,nm1727367
tt6857250,nm0530249
tt6857250,nm0669681
tt6857250,nm6822260
tt6886080,nm4442319
tt6886080,nm0819079
tt6886080,nm0662669
tt6886080,nm0924154
tt6913168,nm1082477
tt6913168,nm0084670
tt6920356,nm4108791
tt6920356,nm1481829
tt6920356,nm5141621
tt6954136,nm3970838
tt6954136,nm0336782
tt6974888,nm2845866
tt6974888,nm5477182
tt6974888,nm4755508
tt6977338,nm5016878
tt6977338,nm5470093
tt6977338,nm1094137
tt6988116,nm1017633
tt6988116,nm6442009
tt6988116,nm0004569
tt6988116,nm5305841
tt7007696,nm8755069
tt7007696,nm0533323
tt7007696,nm5954280
tt7009250,nm0001882
tt7019942,nm4043111
tt7019942,nm1335704
tt7019942,nm3606487
tt7019942,nm0471447
tt7033170,nm6315389
tt7033170,nm0004692
tt7043012,nm0350453
tt7043012,nm0000623
tt7043012,nm1534698
tt7043012,nm0836432
tt7051624,nm2059117
tt7051624,nm2885819
tt7051624,nm1248393
tt7051624,nm1968873
tt7054636,nm0204322
tt7054636,nm0005512
tt7108976,nm4548586
tt7108976,nm3316961
tt7108976,nm1367681
tt7108976,nm1047988
tt7108976,nm11918824
tt7108976,nm0453553
tt7141148,nm0012948
tt7141148,nm2130586
tt7141148,nm1163641
tt7201744,nm0516003
tt7201744,nm0269077
tt7218564,nm1630992
tt7218564,nm0000612
tt7218564,nm2216125
tt7218564,nm0005129
tt7225608,nm0776042
tt7225608,nm0083714
tt7250056,nm0000300
tt7250056,nm0531195
tt7250056,nm1817887
tt7279188,nm0311995
tt7284202,nm1640326
tt7284202,nm4878976
tt7297956,nm0734368
tt7297956,nm1797691
tt7297958,nm8771200
tt7297958,nm3010363
tt7297958,nm7144002
tt7297958,nm2119124
tt7297960,nm9317345
tt7297960,nm0151827
tt7297960,nm5059530
tt7298400,nm0955504
tt7298400,nm1233224
tt7298400,nm1905770
tt7313348,nm1469236
tt7313348,nm2129444
tt7315570,nm0000960
tt7315570,nm1259832
tt7315570,nm0973974
tt7332500,nm0298807
tt7339248,nm0005273
tt7347846,nm2142336
tt7347846,nm7186321
tt7347846,nm0035514
tt7374952,nm0735424
tt7427356,nm0000331
tt7427356,nm0000377
tt7427356,nm0000510
tt7427356,nm2177528
tt7468056,nm3011350
tt7468056,nm1759785
tt7477788,nm2712956
tt7477788,nm2334739
tt7543138,nm5289658
tt7594568,nm0772499
tt7594568,nm0115839
tt7594568,nm0893620
tt7594568,nm1484364
tt7616148,nm0000619
tt7634968,nm1553725
tt7671064,nm0242177
tt7671064,nm5333857
tt7698468,nm2353338
tt7698468,nm1065664
tt7698468,nm2331000
tt7698468,nm0730070
tt7705110,nm1250939
tt7705110,nm7467125
tt7705110,nm0157971
tt7802246,nm0991979
tt7802246,nm0085244
tt7802246,nm1944645
tt7967412,nm0869088
tt7967412,nm0147894
tt7967412,nm3606001
tt7985692,nm0931329
tt8041276,nm0243233
tt8041276,nm0005380
tt8076344,nm5926274
tt8076344,nm1066974
tt8076344,nm2770523
tt8084572,nm1307775
tt8084572,nm0942583
tt8084572,nm0404693
tt8096832,nm1935086
tt8096832,nm0857620
tt8096832,nm0421332
tt8128188,nm2428245
tt8128188,nm4713584
tt8151874,nm2348627
tt8151874,nm7415871
tt8155288,nm1557329
tt8155288,nm3441152
tt8155288,nm4139037
tt8193790,nm0241121
tt8193790,nm1194748
tt8193790,nm0217817
tt8236336,nm0358316
tt8236336,nm0505971
tt8255490,nm2247629
tt8255490,nm0000613
tt8323104,nm6312506
tt8323104,nm1627969
tt8351452,nm0004456
tt8351452,nm0298539
tt8366502,nm0000193
tt8366502,nm4175221
tt8484012,nm0549505
tt8484012,nm1143861
tt8485772,nm4116656
tt8485772,nm4746027
tt8550208,nm1303433
tt8550208,nm4655028
tt8550208,nm0006763
tt8552226,nm3456466
tt8637428,nm10289762
tt8637428,nm5377144
tt8650976,nm0001099
tt8650976,nm0805785
tt8672516,nm0494549
tt8672516,nm0645683
tt8672516,nm0573406
tt8745960,nm0730428
tt8745960,nm2200639
tt8745960,nm7603745
tt8745960,nm0000524
tt8748236,nm1263428
tt8752474,nm4058898
tt8752474,nm0175834
tt8752474,nm0252006
tt8769848,nm0001100
tt8769848,nm0147689
tt8769848,nm1051221
tt8772262,nm2930503
tt8772262,nm2860379
tt8785322,nm3792384
tt8785322,nm5798583
tt8785322,nm8324884
tt8785322,nm13336758
tt8816178,nm1757537
tt8887846,nm3244455
tt8887846,nm0641290
tt8887846,nm4597798
tt8948790,nm3761004
tt8948790,nm7744845
tt8948790,nm0766470
tt8948790,nm10202855
tt8949056,nm3034501
tt8949056,nm3985937
tt8949056,nm4402890
tt8970448,nm0000160
tt8970448,nm0382216
tt8970448,nm3340597
tt8970448,nm0005006
tt9010802,nm1073929
tt9010802,nm1411610
tt9010802,nm0844983
tt9010802,nm2379685
tt9049042,nm0364028
tt9080630,nm3048151
tt9165332,nm4753603
tt9165332,nm9219502
tt9165332,nm8205920
tt9165332,nm1198628
tt9177882,nm1790682
tt9177882,nm1154161
tt9177882,nm0235960
tt9177882,nm0454064
tt9318280,nm2186865
tt9318280,nm0001133
tt9342846,nm0295373
tt9352926,nm0765597
tt9352926,nm1727825
tt9352926,nm0671721
tt9358160,nm5946818
tt9558612,nm1259084
tt9558612,nm1069587
tt9558612,nm0820283
tt9608818,nm0781981
tt9608818,nm6038328
tt9608818,nm8627157
tt9626278,nm3303059
tt9626278,nm1952875
tt9735758,nm0034877
tt9815714,nm0925220
tt9815714,nm1330276
tt9815714,nm4356591
