tconst,primaryTitle,startYear,runtimeMinutes,region,directors,writers
tt1519461,Area 51,2015,91,US,nm2305431,nm1706832;nm2305431
tt1640714,The Christmas Bunny,2010,98,US,nm0782457,nm0782457
tt1708389,Beyond Iconic: Photographer Dennis Stock,2011,75,US,nm2120300,nm2120300
tt1743961,Stealing God's Money,2011,102,US,nm4122985,nm4122985
tt1774428,Never Too Late,2011,94,GB,nm4099985,nm4099985
tt1792801,Demons and Doors,2012,85,GB,nm2907429;nm2878629,nm2878629
tt1796453,The Sheffield Affair,2010,63,GB,nm1797606,nm1797606
tt1844647,Daughter of Fear,2011,90,GB,nm0083966,nm0083966
tt1959578,The Offering,2011,110,US,nm1644174,nm1644174
tt1991245,Chernobyl Diaries,2012,86,GB,nm0662086,nm2305431;nm1139317;nm0886749
tt2091993,The Longest Kiss,2013,75,GB,nm2364202,nm2364202
tt2124003,Born on the 25th of January,2011,80,US,nm3634923,nm3634923
tt2155405,Welcome Home,2014,116,GB,nm4594053,nm4594053;nm1194399;nm1199489
tt2194768,Brother Liar John,2012,93,US,nm4698039;nm5099985,nm4698039
tt2202750,Golden Winter,2012,89,US,nm0782457,nm0782457
tt2293288,Plum,2013,120,GB,nm2928029,nm2928029
tt2404217,The Fighter Pilot,2013,144,US,nm0945724,nm0945724;nm2100757;nm3741862
tt2590976,We Do Monsters: A Problem of Bigfoot,2011,71,US,nm1414036,nm1414036
tt2591104,We Do Monsters: Nemesis Von Smith,2012,90,US,nm1414036,nm1414036
tt2994636,Now or Never,2014,92,GB,nm0296829,nm0296829
tt3142958,Water and Fire,2013,113,GB,nm1384721,nm1384721;nm4101067
tt3268030,Advanced Style,2014,72,US,nm4111536,nm6022938;nm4111536
tt3331846,Stand by Me Doraemon,2014,95,GB,nm0031407;nm2395339;nm0945724,nm0297742;nm0945724
tt3449628,H I Jew Positive,2013,70,GB,nm2433618,nm2433618
tt3477732,Full English Breakfast,2014,115,GB,nm1407554,nm1407554
tt3481000,Chocolate City,2015,91,US,nm0478713,nm0478713
tt3695986,Orphans of Eldorado,2015,96,GB,nm1492406,nm0138676;nm1492406;nm1103123;nm7655914;nm0479886;nm4851381;nm4293700
tt3742654,Copts Island,2014,85,GB,nm3634923,nm3634923
tt3760060,Amiri's Child,2014,61,GB,nm2525291,nm2525291
tt3822396,Velaiyilla Pattathari,2014,133,GB,nm1399485,nm1399485
tt3887582,Rere's Children,2014,97,US,nm2525291,nm2525291
tt4306308,Cute & Dangerous,2015,113,US,nm1384721;nm7032639,nm1384721;nm4101067
tt4667322,Dark Seduction,2015,81,US,nm0871393,nm0083966;nm0871393
tt4683694,Werewolf Massacre at Hell's Gate,2015,80,US,nm4101851,nm4101851
tt5888866,Regatta,2015,99,GB,nm4920270,nm8292416;nm4920270
tt7323332,Listener,2015,111,US,nm9245315;nm9245314;nm9245317;nm9245316;nm8024844,nm3021199;nm9245314;nm9245331;nm9245332;nm9559015
